{
    "v": "5.7.1",
    "fr": 30,
    "ip": 0,
    "op": 60,
    "w": 512,
    "h": 512,
    "nm": "balloon",
    "ddd": 0,
    "assets": [],
    "layers": [
      {
        "ty": 4,
        "nm": "Balloon",
        "shapes": [
          {
            "ty": "el",
            "p": {
              "a": 0,
              "k": [256, 200]
            },
            "s": {
              "a": 0,
              "k": [100, 150]
            }
          }
        ]
      }
    ]
  }
  