{
    "v": "5.7.1",
    "fr": 30,
    "ip": 0,
    "op": 60,
    "w": 512,
    "h": 512,
    "nm": "energyBar",
    "ddd": 0,
    "assets": [],
    "layers": [
      {
        "ty": 4,
        "nm": "Energy Fill",
        "shapes": [
          {
            "ty": "rc",
            "p": {
              "a": 0,
              "k": [256, 256]
            },
            "s": {
              "a": 0,
              "k": [200, 50]
            },
            "r": {
              "a": 0,
              "k": 10
            }
          }
        ]
      }
    ]
  }
  