{
    "v": "5.7.1",
    "fr": 30,
    "ip": 0,
    "op": 60,
    "w": 512,
    "h": 512,
    "nm": "kindnessRipple",
    "ddd": 0,
    "assets": [],
    "layers": [
      {
        "ty": 4,
        "nm": "Kindness Ripple",
        "shapes": [
          {
            "ty": "gr",
            "it": [
              {
                "ty": "rc",
                "s": {
                  "a": 0,
                  "k": [300, 150]
                }
              }
            ]
          }
        ]
      }
    ]
  }
  